use qlgv;
INSERT INTO AccUser (UserID, LastName, MiddleName, FirstName, Birthday, Gender, Phone, City, District, Ware, Address) VALUES
('U001', 'Le', 'Thi', 'Cuc', '2003-03-25', 'Nu', '0948719302', 'Hue', 'Phu Hoi', 'Phu Nhuan', 'So 6 Phu Nhuan'),
('U002', 'Ngo', 'Van', 'Khoa', '2003-02-04', 'Nam', '0993028471', 'Quang Tri', 'Hai Lang', 'Thi tran Lang Co', '723 Duong Truong Son'),
('U003', 'Tran', 'Van', 'Quang', '2007-12-01', 'Nam', '0965791834', 'Ha Noi', 'Hai Ba Trung', 'Thanh Nhan', '456 Duong Le Dai Hanh'),
('U004', 'Pham', 'Van', 'Dung', '1975-04-14', 'Nam', '0920475186', 'TP. Ho Chi Minh', 'Binh Thanh', 'Phuong 11', '123 Duong D2'),
('U005', 'Bui', 'Van', 'Minh', '1981-10-23', 'Nam', '0931867249', 'Bac Giang', 'Yen The', 'Xa Yen The', '45 Duong Dong Lac'),
('U006', 'Nguyen', 'Van', 'An', '2001-01-12', 'Nam', '0952938416', 'Ha Noi', 'Hoan Kiem', 'Phuong Trang Tien', '723 Pho Hue'),
('U007', 'Vo', 'Thi', 'Mai', '2000-03-25', 'Nu', '0986432079', 'Thai Nguyen', 'Thanh pho Thai Nguyen', 'Phuong Quang Vinh', '449 Duong Quang Trung'),
('U008', 'Đo', 'Thi', 'Quynh', '1995-07-15', 'Nu', '0975098134', 'Ha Noi', 'Hoan Kiem', 'Phuong Hang Bai', '875 Pho Trang Tien'),
('U009', 'Tran', 'Thi', 'Bich', '2002-02-16', 'Nu', '0969273815', 'TP. Ho Chi Minh', 'Quan 1', 'Phuong 9', '789 Duong Nguyen Van Nghi'),
('U010', 'Hoang', 'Van', 'Phong', '1992-07-10', 'Nam', '0947162930', 'TP. Ho Chi Minh', 'Go Vap', 'Phường Phú Nhuận', '185 Hùng Vương'),
('U011', 'Le', 'Thi', 'Hanh', '1984-01-02', 'Nu', '0920395847', 'Tien Giang', 'Cai Lay', 'Thi tran Cai Lay', '123 Duong My Thanh An'),
('U012', 'Vo', 'Thi', 'Em', '2002-12-05', 'Nu', '0918937460', 'Can Tho', 'Cai Rang', 'An Khanh', 'So 14 An Khanh'),
('U013', 'Duong', 'Thi', 'Lan', '1997-09-25', 'Nu', '0957681029', 'Hai Phong', 'Ngo Quyen', 'Le Chan', 'So 23A Le Chan'),
('U014', 'Tran', 'Van', 'Minh', '1996-09-22', 'Nam', '0949302781', 'Lao Cai', 'Huyen Sa Pa', 'Xa Sa Pa', '333 Duong Phan Xi Pang'),
('U015', 'Nguyen', 'Thi', 'Hong', '2007-11-05', 'Nu', '0972839415', 'Ha Noi', 'Long Bien', 'Phuong Ngoc Lam', '24 Ngo Tram'),
('U016', 'Nguyen', 'Thi', 'Lan', '1990-05-16', 'Nu', '0906946044', 'Da Nang', 'Hai Chau', 'Thuan Phuoc', 'So 45 Thuan Phuoc'),
('U017', 'Tran', 'Van', 'Son', '1985-11-02', 'Nam', '0961742337', 'Hai Phong', 'Le Chan', 'An Duong', '108 Duong An Duong'),
('U018', 'Pham', 'Thi', 'Hue', '1992-08-23', 'Nu', '0987396094', 'Can Tho', 'Ninh Kieu', 'An Hoa', '294 Duong 3/2'),
('U019', 'Le', 'Van', 'Hai', '1988-04-10', 'Nam', '0942326688', 'Da Nang', 'Lien Chieu', 'Hoa Khanh', '886 Duong Hoang Van Thai'),
('U020', 'Do', 'Thi', 'Linh', '2008-09-14', 'Nu', '0958885686', 'Ha Noi', 'Ba Dinh', 'Ngoc Ha', '035 Duong Hoang Hoa Tham'),
('U021', 'Hoang', 'Van', 'Tuan', '1991-03-21', 'Nam', '0975079386', 'Hue', 'Phu Vang', 'Phu An', '632 Duong Phu An'),
('U022', 'Vu', 'Thi', 'Thu', '1996-12-30', 'Nu', '0994725645', 'Quang Ninh', 'Ha Long', 'Bai Chay', '313 Duong Ha Long'),
('U023', 'Ly', 'Van', 'Thanh', '2003-07-25', 'Nam', '0960372201', 'Nam Dinh', 'Nam Truc', 'Truc Hung', '505 Duong Truc Hung'),
('U024', 'Ngo', 'Thi', 'Mai', '1993-02-18', 'Nu', '0990451077', 'Hai Duong', 'Cam Giang', 'Cam Phuc', '206 Duong Cam Phuc'),
('U025', 'Bui', 'Van', 'Hung', '1987-10-05', 'Nam', '0917414710', 'Bac Giang', 'Yen The', 'Xa Yen The', '99 Duong Dong Lac'),
('U026', 'Nguyen', 'Van', 'Hung', '1990-06-12', 'Nam', '0955932843', 'Thanh Hoa', 'Hoang Hoa', 'Hoang Duc', '89 Duong Hoang Duc'),
('U027', 'Tran', 'Thi', 'Hanh', '2001-03-22', 'Nu', '0901064092', 'Phu Tho', 'Viet Tri', 'Tien Cat', '86 Duong Tien Cat'),
('U028', 'Pham', 'Van', 'Luan', '1994-11-11', 'Nam', '0917649751', 'Quang Binh', 'Dong Hoi', 'Hai Dinh', '117 Duong Hai Dinh'),
('U029', 'Le', 'Thi', 'Dao', '1997-08-19', 'Nu', '0923333218', 'Ninh Binh', 'Ninh Hoa', 'Hoa Lu', '19 Duong Hoa Lu'),
('U030', 'Hoang', 'Van', 'Khanh', '1985-04-14', 'Nam', '0987232244', 'Ha Nam', 'Phu Ly', 'Trieu Duong', '26 Duong Trieu Duong'),
('U031', 'Do', 'Thi', 'Xuan', '2003-09-10', 'Nu', '0970892815', 'Nghe An', 'Vinh', 'Hung Dung', '444 Duong Hung Dung'),
('U032', 'Vu', 'Van', 'Tuan', '1990-12-29', 'Nam', '0907113310', 'Quang Ngai', 'Son Tinh', 'Tinh Son', '176 Duong Tinh Son'),
('U033', 'Nguyen', 'Thi', 'Lan', '1992-11-16', 'Nu', '0981902291', 'Bac Giang', 'Hiep Hoa', 'Thang', '505 Duong Thang'),
('U034', 'Tran', 'Van', 'Kiet', '1988-05-18', 'Nam', '0974627239', 'Binh Duong', 'Di An', 'Tan Dong Hiep', '845 Duong Tan Dong Hiep'),
('U035', 'Pham', 'Thi', 'Hong', '1995-07-25', 'Nu', '0939109692', 'Ben Tre', 'Chau Thanh', 'Tam Phuoc', '41 Duong Tam Phuoc');

select * from accuser;
#Cái dưới này để nếu sai thì xóa nhập lại thui
delete from accuser
where userID like "U%";



insert into Surcharge (SurchargeID, SurchargeName, Price)
values 
    ('SU001', 'Hang thong thuong', '0.00'),
    ('SU002', 'Hang gia tri cao', '0.01'),
    ('SU003', 'Hang de vo', '0.1'),
    ('SU004', 'Hang cong kenh', '0.2'),
    ('SU005', 'Chat long', '0.08'),
    ('SU006', 'Hang dong lanh', '0.1'),
    ('SU007', 'Hang dien tu', '0.1');
select * from Surcharge;
#Xoa du lieu neu can
#delete from surcharge
#where surchargeID like "SU%";


#tớ chưa add code total
INSERT INTO Product (OrderID, Payer, PickupCity, PickupDistrict, PickupWard, PickupAddress, RecipientName, 
		DeliveryCity, DeliveryDistrict, DeliveryWard, DeliveryAddress, PhoneRecipient, CurrentWarehouseID, OrderStatus, ServiceID)
VALUES
('P001', 'Nguoi nhan', 'Can Tho', 'Cai Rang', 'Le Binh',
 'So 14 An Khanh', 'Duong Thi Lan', 'Hai Phong', 'Ngo Quyen', 'Le Chan',
 'So 23A Le Chan', '0912345678', 'W001', 'Dang xu ly', 'S307'),
('P002', 'Nguoi gui', 'TP. Ho Chi Minh', 'Go Vap', 'Phường Phú Nhuận', 
'185 Hùng Vương', 'Pham Hai Anh', 'TP. Ho Chi Minh', 'Quan 1', 'Ben Nghe',
 'So 49 Ben Nghe',  '0987654321', 'W009', 'Dang giao hang', 'S201'),
('P003', 'Nguoi nhan', 'Can Tho', 'Ninh Kieu', 'Cai Khe',
 'So 84B Cai Khe', 'Le Thi Cuc', 'Hue', 'Phu Hoi', 'Phu Nhuan',
 'So 6 Phu Nhuan', '0975316428', 'W001', 'Da giao hang', 'S207'),
('P004', 'Nguoi gui', 'Hai Phong', 'Le Chan', 'Tran Nguyen Han',
 'So 79A Tran Nguyen Han', 'Nguyen Phu Quynh Lam', 'Quang Ninh', 'Ha Long', 'Bai Chay',
 'So 1 Bai Chay', '0963125478', 'W006', 'Dang xu ly', 'S202'),
('P005', 'Nguoi nhan', 'Ha Noi', 'Hai Ba Trung', 'Thanh Nhan',
 '456 Duong Le Dai Hanh', 'Pham Hoang Phuc Khang', 'Ha Noi', 'Ba Dinh', 'Ngoc Ha',
 'So 10 Ngoc Ha', '0932154789', 'W005', 'Dang giao hang', 'S201'),
('P006', 'Nguoi gui', 'Quang Tri', 'Dong Ha', 'Hai Ba Trung',
 'So 112 Hai Ba Trung',  'Tran Van Luong', 'Da Nang', 'Son Tra', 'Phuoc My',
 'So 07A Phuoc My', '0912345897', 'W011', 'Da giao hang', 'S203'),
('P007', 'Nguoi gui', 'Can Tho', 'Cai Rang', 'An Khanh',
 'So 11 An Khanh',  'Vo Trung Nghia', 'TP. Ho Chi Minh', 'Quan 3', 'Vo Thi Sau',
 'So 101/6 Vo Thi Sau', '0945687123', 'W001', 'Dang xu ly', 'S203'),
('P008', 'Nguoi nhan', 'Hue', 'Thuan Hoa', 'Kim Long',
 'So 60c Kim Long', 'Vo Thi Em', 'Can Tho', 'Cai Rang', 'An Khanh', 'So 14 An Khanh',
 '0932548791', 'W008', 'Dang giao hang', 'S207'),  
('P009', 'Nguoi nhan', 'Quang Tri', 'Hai Lang', 'Thi tran Lang Co', 
'723 Duong Truong Son', 'Ly Khac Duong', 'Hai Duong', 'Thanh Mien', 'Hop Duc',
 'So 108 Hop Duc', '0923154789', 'W006', 'Da giao hang', 'S102'),
('P010', 'Nguoi gui', 'Ha Noi', 'Thanh Xuan', 'Khuong Trung',
 'So 123 Khuong Trung', 'Tran Thi Thanh Thao', 'Nghe An', 'Vinh', 'Hung Dung',
 'So 20 Hung Dung', '0912548796', 'W002', 'Dang xu ly', 'S205'),
('P011', 'Nguoi gui', 'TP. Ho Chi Minh', 'Go Vap', 'Phường Phú Nhuận', 
'185 Hùng Vương', 'Nguyen Hoang Phuc', 'Binh Duong', 'Thu Dau Mot', 'Phu Cuong',
 'So 48 Phu Cuong','0945781234', 'W011', 'Dang giao hang', 'S203'),
('P012', 'Nguoi nhan', 'Quang Binh', 'Dong Hoi', 'Hai Thanh',
 'So 233 Hai Thanh', 'Hoang Anh Xuan', 'Da Nang', 'Ngu Hanh Son', 'My An',
 'So 94 My An', '0953124789', 'W005', 'Da giao hang', 'S204'),
('P013', 'Nguoi gui', 'Hai Phong', 'Kien An', 'Ngoc Son',
 'So 19 Ngoc Son', 'Nguyen Thi Bich', 'Bac Ninh', 'Tu Son', 'Dong Ngan',
 'So 26 Dong Ngan', '0962145789', 'W009', 'Dang xu ly', 'S103'),
('P014', 'Nguoi nhan', 'Thai Nguyen', 'Thanh pho Thai Nguyen', 'Phuong Quang Vinh',
 '449 Duong Quang Trung', 'Le Van Khuong', 'Vinh Phuc', 'Phuc Yen', 'Xuan Hoa',
 'So 122 Xuan Hoa', '0914785236', 'W006', 'Dang giao hang', 'S202'),
('P015', 'Nguoi gui', 'TP. Ho Chi Minh', 'Go Vap', 'Phường Phú Nhuận', 
'185 Hùng Vương', 'Pham Thi Duong', 'Lang Son', 'Lang Son', 'Hoang Van Thu',
 'So 51 Hoang Van Thu', '0924587123', 'W013', 'Da giao hang', 'S107'),
('P016', 'Nguoi gui', 'Binh Dinh', 'Quy Nhon', 'Ly Thuong Kiet',
 'So 251 Ly Thuong Kiet', 'Tran Thi Chinh', 'Da Nang', 'Hai Chau', 'Thuan Phuoc',
 'So 011 Thuan Phuoc', '0932478591', 'W002', 'Dang xu ly', 'S104'),
('P017', 'Nguoi nhan', 'Nam Dinh', 'Nam Truc', 'Truc Hung',
 'So 154 Truc Hung', 'Vu Van Vuong', 'Hai Phong', 'Hong Bang', 'Hoang Van Thu',
 'So 18 Hoang Van Thu', '0942154789', 'W011', 'Dang giao hang', 'S102'),
('P018', 'Nguoi gui', 'Ha Noi', 'Ba Dinh', 'Ngoc Ha',
 'So 46 Ngoc Ha', 'Le Thi Huyen', 'Ha Tinh', 'Hong Linh', 'Trung Luong',
 'So 08 Trung Luong', '0915784236', 'W015', 'Da giao hang', 'S205'),
('P019', 'Nguoi nhan', 'TP. Ho Chi Minh', 'Quan 4', 'Phuong 6',
 'So 98 Phuong 6', 'Nguyen Van Duc', 'Quang Ngai', 'Son Tinh', 'Tinh Son',
 'So 233 Tinh Son', '0954781234', 'W001', 'Dang xu ly', 'S207'),
('P020', 'Nguoi gui', 'Da Nang', 'Thanh Khe', 'Hoa Khanh Bac',
 'So 41 Hoa Khanh Bac', 'Tran Hoang Hien', 'Gia Lai', 'Pleiku', 'Chu Se',
 'So 188 Chu Se', '0925781234', 'W012', 'Dang giao hang', 'S205'),
('P021', 'Nguoi gui', 'Ha Noi', 'Dong Da', 'Cat Linh', 
'123 Duong Cat Linh', 'Nguyen Van A', 'Hai Phong', 'Le Chan', 'Dinh Dong',
 '456 Duong Dinh Dong', '0912345678', 'W001', 'Dang giao hang', 'S103'),
('P022', 'Nguoi nhan', 'Hai Phong', 'Ngo Quyen', 'Dong Khe',
 '789 Duong Dong Khe', 'Tran Thi B', 'Ha Noi', 'Cau Giay', 'Quan Hoa', 
 '123 Duong Quan Hoa', '0923456789', 'W002', 'Da giao hang', 'S103'),
('P023', 'Nguoi gui', 'Da Nang', 'Hai Chau', 'Hoa Cuong', 
'456 Duong Hoa Cuong', 'Le Van C', 'Hue', 'Phu Hoi', 'Phu Nhuan',
 '789 Duong Phu Nhuan', '0934567890', 'W003', 'Dang giao hang', 'S102'),
('P024', 'Nguoi nhan', 'Hue', 'Phu Nhuan', 'Phu Hoi', 
'123 Duong Phu Hoi', 'Pham Thi D', 'Da Nang', 'Son Tra', 'An Hai', 
'456 Duong An Hai', '0945678901', 'W004', 'Dang giao hang', 'S202'),
('P025', 'Nguoi gui', 'Ho Chi Minh', 'Quan 1', 'Ben Nghe', 
'789 Duong Ben Nghe', 'Nguyen Van E', 'Can Tho', 'Ninh Kieu', 'An Hoa', 
'123 Duong An Hoa', '0956789012', 'W005', 'Da giao hang', 'S203'),
('P026', 'Nguoi nhan', 'Can Tho', 'Binh Thuy', 'Long Hoa', 
'456 Duong Long Hoa', 'Tran Thi F', 'Ho Chi Minh', 'Binh Thanh', 'Phuong 26',
 '789 Duong Phuong 26', '0967890123', 'W006', 'Dang giao hang', 'S203'),
('P027', 'Nguoi gui', 'Hai Duong', 'Hai Duong', 'Nguyen Trai', 
'123 Duong Nguyen Trai', 'Le Van G', 'Quang Ninh', 'Ha Long', 'Bai Chay', 
'456 Duong Bai Chay', '0978901234', 'W007', 'Da giao hang', 'S202'),
('P028', 'Nguoi nhan', 'Quang Ninh', 'Cam Pha', 'Cam Trung', 
'789 Duong Cam Trung', 'Pham Thi H', 'Hai Duong', 'Cam Giang', 'Cam Phuc', 
'123 Duong Cam Phuc', '0989012345', 'W008', 'Dang giao hang', 'S202'),
('P029', 'Nguoi gui', 'Nam Dinh', 'Nam Truc', 'Truc Hung', 
'456 Duong Truc Hung', 'Nguyen Van I', 'Thai Binh', 'Kien Xuong', 'Minh Quang', 
'789 Duong Minh Quang', '0990123456', 'W009', 'Da giao hang', 'S204'),
('P030', 'Nguoi nhan', 'Thai Binh', 'Dong Hung', 'Dong Kinh', 
'123 Duong Dong Kinh', 'Tran Thi J', 'Nam Dinh', 'My Loc', 'My Thuan', 
'456 Duong My Thuan', '0901234567', 'W010', 'Dang giao hang', 'S204'),
('P031', 'Nguoi gui', 'Ha Noi', 'Ba Dinh', 'Ngoc Ha', 
'123 Duong Ngoc Ha', 'Hoang Van K', 'Hai Phong', 'Hong Bang', 'Thuong Ly', 
'456 Duong Thuong Ly', '0912345679', 'W011', 'Dang giao hang', 'S203'),
('P032', 'Nguoi nhan', 'Hai Phong', 'Kien An', 'Nam Son', 
'789 Duong Nam Son', 'Nguyen Thi L', 'Ha Noi', 'Dong Da', 'Van Mieu', 
'123 Duong Van Mieu', '0923456780', 'W012', 'Da giao hang', 'S203'),
('P033', 'Nguoi gui', 'Da Nang', 'Thanh Khe', 'Chinh Gian', 
'456 Duong Chinh Gian', 'Le Thi M', 'Hue', 'Vinh Ninh', 'Phu Hoi', 
'789 Duong Phu Hoi', '0934567891', 'W013', 'Dang giao hang', 'S202'),
('P034', 'Nguoi nhan', 'Hue', 'An Cuu', 'Thuy Bieu', 
'123 Duong Thuy Bieu', 'Pham Van N', 'Da Nang', 'Lien Chieu', 'Hoa Khanh', 
'456 Duong Hoa Khanh', '0945678902', 'W014', 'Dang giao hang', 'S102'),
('P035', 'Nguoi gui', 'Ho Chi Minh', 'Tan Binh', 'Tan Son Nhat', 
'789 Duong Tan Son Nhat', 'Nguyen Thi O', 'Can Tho', 'Cai Rang', 'Le Binh', 
'123 Duong Le Binh', '0956789013', 'W015', 'Da giao hang', 'S103'),
('P036', 'Nguoi nhan', 'Can Tho', 'Phong Dien', 'Nhon Nghia', 
'456 Duong Nhon Nghia', 'Tran Van P', 'Ho Chi Minh', 'Go Vap', 'Phuong 17', 
'789 Duong Phuong 17', '0967890124', 'W001', 'Dang giao hang', 'S103'),
('P037', 'Nguoi gui', 'Hai Duong', 'Binh Giang', 'Van Giang', 
'123 Duong Van Giang', 'Le Thi Q', 'Quang Ninh', 'Uong Bi', 'Phuong Bac Son', 
'456 Duong Bac Son', '0978901235', 'W017', 'Da giao hang', 'S102'),
('P038', 'Nguoi nhan', 'Quang Ninh', 'Dong Trieu', 'Xuan Son', 
'789 Duong Xuan Son', 'Pham Van R', 'Hai Duong', 'Kim Thanh', 'Dong Cac', 
'123 Duong Dong Cac', '0989012346', 'W018', 'Dang giao hang', 'S204'),
('P039', 'Nguoi gui', 'Nam Dinh', 'Truc Ninh', 'Nam Tien', 
'456 Duong Nam Tien', 'Nguyen Thi S', 'Thai Binh', 'Thai Thuy', 'Thuy Ha', 
'789 Duong Thuy Ha', '0990123457', 'W019', 'Da giao hang', 'S204'),
('P040', 'Nguoi nhan', 'Thai Binh', 'Tien Hai', 'Dong Hai', 
'123 Duong Dong Hai', 'Tran Van T', 'Nam Dinh', 'Y Yen', 'Y Hoa', 
'456 Duong Y Hoa', '0901234568', 'W020', 'Dang giao hang', 'S204');
INSERT INTO Product (OrderID, Payer, PickupCity, PickupDistrict, PickupWard, PickupAddress, RecipientName, 
		DeliveryCity, DeliveryDistrict, DeliveryWard, DeliveryAddress, PhoneRecipient, CurrentWarehouseID, OrderStatus, ServiceID)
VALUES
('P041', 'Nguoi nhan', 'Ha Noi', 'Hoan Kiem', 'Ly Thai To', 
'15 Phan Chu Trinh', 'Hai Phong', 'Ngo Quyen', 'May To', 
'22 Hoang Van Thu', 'Le Thi B', '0987654321', 'W001', 'Dang xu ly', 'S204'),
('P042', 'Nguoi gui', 'Da Nang', 'Hai Chau', 'Thach Thang', 
'120 Tran Phu', 'Hue', 'Phu Nhuan', 'An Cuu', 
'18 Tran Cao Van', 'Pham Van D', '0912345678', 'W002', 'Dang xu ly', 'S104'),
('P043', 'Nguoi gui', 'Can Tho', 'Ninh Kieu', 'An Hoa', 
'45 Mau Than', 'HCM', 'Quan 3', 'Phuong 7', 
'80 Vo Thi Sau', 'Do Thi F', '0934567890', 'W003', 'Dang xu ly', 'S104'),
('P044', 'Nguoi nhan', 'Nha Trang', 'Loc Tho', 'Tan Lap', 
'30 Le Thanh Ton', 'Quy Nhon', 'Tran Phu', 'Hai Cang', 
'12 Nguyen Hue', 'Hoang Van H', '0978123456', 'W004', 'Dang xu ly','S202'),
('P045', 'Nguoi gui', 'Vung Tau', 'Thang Tam', 'Nguyen An Ninh', 
'85 Nam Ky Khoi Nghia', 'Can Tho', 'Binh Thuy', 'Long Hoa', 
'27 Tran Hoang Na', 'Nguyen Thi J', '0901234567', 'W005', 'Dang xu ly', 'S202'),
('P046', 'Nguoi gui', 'Ha Noi', 'Dong Da', 'Lang Ha', 
'65 Chua Boc', 'Hai Phong', 'Le Chan', 'Nghia Xa', 
'50 To Hieu', 'Nguyen Van L', '0945678901', 'W006', 'Dang xu ly', 'S203'),
('P047', 'Nguoi gui', 'Hue', 'Vinh Ninh', 'Phuoc Vinh', 
'100 Hung Vuong', 'Da Nang', 'Thanh Khe', 'Thanh Binh', 
'40 Nguyen Tri Phuong', 'Tran Thi N', '0967890123', 'W007', 'Dang xu ly', 'S204'),
('P048', 'Nguoi gui', 'Can Tho', 'Cai Rang', 'Ba Lang', 
'150 Cach Mang Thang Tam', 'HCM', 'Quan 1', 'Tan Dinh', 
'70 Nguyen Thi Minh Khai', 'Nguoi nhan', '0923456789', 'W008', 'Dang xu ly', 'S105'),
('P049', 'Nguoi gui', 'Vung Tau', 'Thang Nhat', 'Nguyen An Ninh', 
'35 Cach Mang Thang Tam', 'Nha Trang', 'Van Ninh', 'Van Gia', 
'25 Le Hong Phong', 'Pham Thi R', '0956789012', 'W009', 'Dang xu ly', 'S204'),
('P050', 'Nguoi gui', 'Hai Phong', 'Kien An', 'Bac Son',
 '10 Pham Van Dong', 'Da Nang', 'Lien Chieu', 'Hoa Khanh Bac', 
 '55 Nguyen Luong Bang', 'Bui Van T', '0916789012', 'W010', 'Dang xu ly', 'S204');

select * from product
order by OrderID asc;
#Cái dưới này để nếu sai thì xóa nhập lại thui
#delete from product
#where OrderID like "P%";

#orderdetails

insert into OrderDetails(ItemID, OrderID, ItemName, SurchargeID, Weight, itemprice)
values
('IID001', 'P002', 'Laptop Gamming Lenovo', 'SU007', 2.5, 25000000),
('IID002', 'P002', 'Mouse', 'SU007', 0.1, 100000),
('IID003', 'P003', 'Keyboard', 'SU007', 0.7, 1000000),
('IID004', 'P004', 'Monitor', 'SU007', 5.0, 4000000),
('IID005', 'P005', 'Printer', 'SU007', 8.0, 10000000),
('IID006', 'P006', 'Scanner', 'SU007', 3.2, 5000000),
('IID007', 'P007', 'Tablet', 'SU007', 0.8, 10000000),
('IID008', 'P008', 'Charger', 'SU007', 0.2, 50000),
('IID009', 'P008', 'Iphone 14 promax', 'SU007', 0.4, 25000000),
('IID010', 'P010', 'Earphones', 'SU007', 0.05, 5000000),
('IID011', 'P011', 'But bi', 'SU001', 0.02, 10000),
('IID012', 'P012', 'Vo ghi chep', 'SU001', 0.5, 100000),
('IID013', 'P013', 'Cap sach', 'SU001', 0.7, 400000),
('IID014', 'P014', 'Hop but', 'SU001', 0.1, 200000),
('IID015', 'P015', 'Bang trang', 'SU001', 0.1, 50000),
('IID016', 'P016', 'But long', 'SU001', 0.03, 100000),
('IID017', 'P017', 'But chi mau', 'SU001', 0.2, 60000),
('IID018', 'P018', 'Got but chi', 'SU001', 0.05, 70000),
('IID019', 'P019', 'Keo', 'SU001', 0.15, 100000),
('IID020', 'P020', 'Thuoc ke', 'SU001', 0.1, 50000),
('IID021', 'P021', 'Giay A4', 'SU001', 0.5, 100000),
('IID022', 'P022', 'Giay in mau', 'SU001', 1.0, 90000),
('IID023', 'P023', 'So tay', 'SU001', 0.3, 30000),
('IID024', 'P024', 'Ghim bam', 'SU001', 0.02, 100000),
('IID025', 'P025', 'Bang keo', 'SU001', 0.1, 50000),
('IID026', 'P026', 'Kep giay', 'SU001', 0.02, 70000),
('IID027', 'P027', 'Dao roc giay', 'SU001', 0.05, 200000),
('IID028', 'P028', 'Bia cung', 'SU001', 0.3, 100000),
('IID029', 'P029', 'Bang dinh', 'SU001', 0.08, 50000),
('IID030', 'P030', 'Cuc tay', 'SU001', 0.02,70000),
('IID031', 'P031', 'Giay note', 'SU001', 0.1, 100000),
('IID032', 'P032', 'Giay nhan', 'SU001', 0.05, 10000),
('IID033', 'P033', 'So ghi chep', 'SU001', 0.4, 100000),
('IID034', 'P034', 'But muc', 'SU001', 0.02, 60000),
('IID035', 'P035', 'Giay bia', 'SU001', 0.5, 90000),
('IID036', 'P036', 'Kep buom', 'SU001', 0.03, 50000),
('IID037', 'P037', 'Giay decal', 'SU001', 0.2, 20000),
('IID038', 'P038', 'But nho', 'SU001', 0.03, 5.500),
('IID039', 'P039', 'Giay than', 'SU001', 0.2, 4.500),
('IID040', 'P040', 'Ghim kep', 'SU001', 0.01, 200000),
('IID041', 'P041', 'So ke hoach', 'SU001', 0.3, 50000),
('IID042', 'P042', 'But gel', 'SU001', 0.02, 50000),
('IID043', 'P043', 'Thit bo', 'SU006', 1.5, 90000),
('IID044', 'P044', 'Ca hoi', 'SU006', 1.2, 70000),
('IID045', 'P045', 'Ga nguyen con', 'SU006', 2.0, 100000),
('IID046', 'P046', 'Tom su', 'SU006', 1.0, 0),
('IID047', 'P047', 'Hai san dong lanh', 'SU006', 2.5, 0),
('IID048', 'P048', 'Nuoc rua chen', 'SU005', 1.0, 0),
('IID049', 'P049', 'Dau goi dau', 'SU005', 0.5, 0),
('IID050', 'P050', 'Sua tam', 'SU005', 0.6, 0),
('IID051', 'P003', 'Nuoc xa vai', 'SU005', 0.8, 0),
('IID052', 'P002', 'Nuoc lau san', 'SU005', 1.2, 90000),
('IID053', 'P003', 'Binh Hoa', 'SU003', 0.8, 70000),
('IID054', 'P004', 'Chen Su', 'SU003', 0.3, 0),
('IID055', 'P005', 'Ly Thuy Tinh', 'SU003', 0.4, 0),
('IID056', 'P001', 'Tu Quan Ao', 'SU004', 50.0, 3000000),
('IID057', 'P001', 'Giuong Ngu', 'SU004', 70.0, 5000000),
('IID058', 'P001', 'Ban Lam Viec', 'SU004', 25.0, 100000),
('IID059', 'P009', 'Dong ho Rolex', 'SU002', 0.1, 100000000),
('IID060', 'P009', 'Lac tay bac', 'SU002', 2.5, 50000000),
('IID061', 'P009', 'Vang nguyen khoi', 'SU002', 1.0, 70000000);











