use qlgv;
INSERT INTO AccUser (UserID, LastName, MiddleName, FirstName, Birthday, Gender, Phone, City, District, Ware, Address) VALUES
('U001', 'Le', 'Thi', 'Cuc', '2003-03-25', 'Nu', '0948719302', 'Hue', 'Phu Hoi', 'Phu Nhuan', 'So 6 Phu Nhuan'),
('U002', 'Ngo', 'Van', 'Khoa', '2003-02-04', 'Nam', '0993028471', 'Quang Tri', 'Hai Lang', 'Thi tran Lang Co', '723 Duong Truong Son'),
('U003', 'Tran', 'Van', 'Quang', '2007-12-01', 'Nam', '0965791834', 'Ha Noi', 'Hai Ba Trung', 'Thanh Nhan', '456 Duong Le Dai Hanh'),
('U004', 'Pham', 'Van', 'Dung', '1975-04-14', 'Nam', '0920475186', 'TP. Ho Chi Minh', 'Binh Thanh', 'Phuong 11', '123 Duong D2'),
('U005', 'Bui', 'Van', 'Minh', '1981-10-23', 'Nam', '0931867249', 'Bac Giang', 'Yen The', 'Xa Yen The', '45 Duong Dong Lac'),
('U006', 'Nguyen', 'Van', 'An', '2001-01-12', 'Nam', '0952938416', 'Ha Noi', 'Hoan Kiem', 'Phuong Trang Tien', '723 Pho Hue'),
('U007', 'Vo', 'Thi', 'Mai', '2000-03-25', 'Nu', '0986432079', 'Thai Nguyen', 'Thanh pho Thai Nguyen', 'Phuong Quang Vinh', '449 Duong Quang Trung'),
('U008', 'Đo', 'Thi', 'Quynh', '1995-07-15', 'Nu', '0975098134', 'Ha Noi', 'Hoan Kiem', 'Phuong Hang Bai', '875 Pho Trang Tien'),
('U009', 'Tran', 'Thi', 'Bich', '2002-02-16', 'Nu', '0969273815', 'TP. Ho Chi Minh', 'Quan 1', 'Phuong 9', '789 Duong Nguyen Van Nghi'),
('U010', 'Hoang', 'Van', 'Phong', '1992-07-10', 'Nam', '0947162930', 'TP. Ho Chi Minh', 'Go Vap', 'Phuong Phu Nhuan', '185 Hung Vuong'),
#11-20
('U011', 'Le', 'Thi', 'Hanh', '1984-01-02', 'Nu', '0920395847', 'Tien Giang', 'Cai Lay', 'Thi tran Cai Lay', '123 Duong My Thanh An'),
('U012', 'Vo', 'Thi', 'Em', '2002-12-05', 'Nu', '0918937460', 'Can Tho', 'Cai Rang', 'An Khanh', 'So 14 An Khanh'),
('U013', 'Duong', 'Thi', 'Lan', '1997-09-25', 'Nu', '0957681029', 'Hai Phong', 'Ngo Quyen', 'Le Chan', 'So 23A Le Chan'),
('U014', 'Tran', 'Van', 'Minh', '1996-09-22', 'Nam', '0949302781', 'Lao Cai', 'Huyen Sa Pa', 'Xa Sa Pa', '333 Duong Phan Xi Pang'),
('U015', 'Nguyen', 'Thi', 'Hong', '2007-11-05', 'Nu', '0972839415', 'Ha Noi', 'Long Bien', 'Phuong Ngoc Lam', '24 Ngo Tram'),
('U016', 'Nguyen', 'Thi', 'Lan', '1990-05-16', 'Nu', '0906946044', 'Da Nang', 'Hai Chau', 'Thuan Phuoc', 'So 45 Thuan Phuoc'),
('U017', 'Tran', 'Van', 'Son', '1985-11-02', 'Nam', '0961742337', 'Hai Phong', 'Le Chan', 'An Duong', '108 Duong An Duong'),
('U018', 'Pham', 'Thi', 'Hue', '1992-08-23', 'Nu', '0987396094', 'Can Tho', 'Ninh Kieu', 'An Hoa', '294 Duong 3/2'),
('U019', 'Le', 'Van', 'Hai', '1988-04-10', 'Nam', '0942326688', 'Da Nang', 'Lien Chieu', 'Hoa Khanh', '886 Duong Hoang Van Thai'),
('U020', 'Do', 'Thi', 'Linh', '2008-09-14', 'Nu', '0958885686', 'Ha Noi', 'Ba Dinh', 'Ngoc Ha', '035 Duong Hoang Hoa Tham'),
#21-30
('U021', 'Hoang', 'Van', 'Tuan', '1991-03-21', 'Nam', '0975079386', 'Hue', 'Phu Vang', 'Phu An', '632 Duong Phu An'),
('U022', 'Vu', 'Thi', 'Thu', '1996-12-30', 'Nu', '0994725645', 'Quang Ninh', 'Ha Long', 'Bai Chay', '313 Duong Ha Long'),
('U023', 'Ly', 'Van', 'Thanh', '2003-07-25', 'Nam', '0960372201', 'Nam Dinh', 'Nam Truc', 'Truc Hung', '505 Duong Truc Hung'),
('U024', 'Ngo', 'Thi', 'Mai', '1993-02-18', 'Nu', '0990451077', 'Hai Duong', 'Cam Giang', 'Cam Phuc', '206 Duong Cam Phuc'),
('U025', 'Bui', 'Van', 'Hung', '1987-10-05', 'Nam', '0917414710', 'Bac Giang', 'Yen The', 'Xa Yen The', '99 Duong Dong Lac'),
('U026', 'Nguyen', 'Van', 'Hung', '1990-06-12', 'Nam', '0955932843', 'Thanh Hoa', 'Hoang Hoa', 'Hoang Duc', '89 Duong Hoang Duc'),
('U027', 'Tran', 'Thi', 'Hanh', '2001-03-22', 'Nu', '0901064092', 'Phu Tho', 'Viet Tri', 'Tien Cat', '86 Duong Tien Cat'),
('U028', 'Pham', 'Van', 'Luan', '1994-11-11', 'Nam', '0917649751', 'Quang Binh', 'Dong Hoi', 'Hai Dinh', '117 Duong Hai Dinh'),
('U029', 'Le', 'Thi', 'Dao', '1997-08-19', 'Nu', '0923333218', 'Ninh Binh', 'Ninh Hoa', 'Hoa Lu', '19 Duong Hoa Lu'),
('U030', 'Hoang', 'Van', 'Khanh', '1985-04-14', 'Nam', '0987232244', 'Ha Nam', 'Phu Ly', 'Trieu Duong', '26 Duong Trieu Duong'), 
('U031', 'Do', 'Thi', 'Xuan', '2003-09-10', 'Nu', '0970892815', 'Nghe An', 'Vinh', 'Hung Dung', '444 Duong Hung Dung'),
('U032', 'Vu', 'Van', 'Tuan', '1990-12-29', 'Nam', '0907113310', 'Quang Ngai', 'Son Tinh', 'Tinh Son', '176 Duong Tinh Son'),
('U033', 'Nguyen', 'Thi', 'Lan', '1992-11-16', 'Nu', '0981902291', 'Bac Giang', 'Hiep Hoa', 'Thang', '505 Duong Thang'),
('U034', 'Tran', 'Van', 'Kiet', '1988-05-18', 'Nam', '0974627239', 'Binh Duong', 'Di An', 'Tan Dong Hiep', '845 Duong Tan Dong Hiep'), 
('U035', 'Pham', 'Thi', 'Hong', '1995-07-25', 'Nu', '0939109692', 'Ben Tre', 'Chau Thanh', 'Tam Phuoc', '41 Duong Tam Phuoc');

select * from accuser;
#Cái dưới này để nếu sai thì xóa nhập lại thui
delete from accuser
where userID like "U%";



insert into Surcharge (SurchargeID, SurchargeName, Price)
values 
    ('SU001', 'Hang thong thuong', '0.00'),
    ('SU002', 'Hang gia tri cao', '0.01'),
    ('SU003', 'Hang de vo', '0.1'),
    ('SU004', 'Hang cong kenh', '0.2'),
    ('SU005', 'Chat long', '0.08'),
    ('SU006', 'Hang dong lanh', '0.1'),
    ('SU007', 'Hang dien tu', '0.1');
select * from Surcharge;
#Xoa du lieu neu can
#delete from surcharge
#where surchargeID like "SU%";
desc Product;
#tớ chưa add code total
INSERT INTO Product (OrderID, Payer, PickupCity, PickupDistrict, PickupWard, PickupAddress, RecipientName, 
		DeliveryCity, DeliveryDistrict, DeliveryWard, DeliveryAddress, PhoneRecipient, CurrentWarehouseID, OrderStatus, ServiceID)
VALUES
('P001', 'Nguoi nhan', 'Bac Giang', 'Yen The', 'Xa Yen The', 
'99 Duong Dong Lac', 'Nguyen Thi Lan', 'Da Nang', 'Hai Chau', 'Thuan Phuoc',
 'So 45 Thuan Phuoc', '0906946044',  'W001', 'Dang xu ly', 'S302'),
('P002', 'Nguoi gui', 'Quang Binh', 'Dong Hoi', 'Hai Dinh', 
'117 Duong Hai Dinh', 'Pham Hai Anh', 'TP. Ho Chi Minh', 'Quan 1', 'Ben Nghe',
 'So 49 Ben Nghe',  '0987654321', 'W009', 'Dang giao hang', 'S207'),
('P003', 'Nguoi nhan', 'Can Tho', 'Ninh Kieu', 'Cai Khe',
 'So 84B Cai Khe', 'Pham Van Dung', 'TP. Ho Chi Minh', 'Binh Thanh', 'Phuong 11', 
 '123 Duong D2', '0920475186', 'W001', 'Da giao hang', 'S203'),
('P004', 'Nguoi gui', 'Thai Nguyen', 'Thanh pho Thai Nguyen', 'Phuong Quang Vinh', 
'449 Duong Quang Trung', 'Le Van Hai', 'Quang Ninh', 'Ha Long', 'Bai Chay',
 'So 1 Bai Chay', '0942326688',  'W006', 'Dang xu ly', 'S303'),
('P005', 'Nguoi nhan', 'Ha Noi', 'Ba Dinh', 'Ngoc Ha', 
'035 Duong Hoang Hoa Tham', 'Tran Van Kiet', 'Ha Noi', 'Ba Dinh', 'Ngoc Ha',
 'So 10 Ngoc Ha', '0974627239', 'W005', 'Dang giao hang', 'S101'),
('P006', 'Nguoi gui', 'Quang Tri', 'Dong Ha', 'Hai Ba Trung',
 'So 112 Hai Ba Trung',  'Bui Van Minh', 'Da Nang', 'Son Tra', 'Phuoc My',
 'So 07A Phuoc My', '0931867249', 'W011', 'Da giao hang', 'S202'),
('P007', 'Nguoi gui', 'Can Tho', 'Cai Rang', 'An Khanh',
 'So 11 An Khanh',  'Vo Thi Mai', 'Thai Nguyen', 'Thanh pho Thai Nguyen', 'Phuong Quang Vinh',
 '449 Duong Quang Trung', '0986432079', 'W001', 'Dang xu ly', 'S201'),
('P008', 'Nguoi nhan', 'Bac Giang', 'Hiep Hoa', 'Thang', 
'505 Duong Thang', 'Vo Thi Em', 'Can Tho', 'Cai Rang', 'An Khanh', 'So 14 An Khanh',
 '0932548791', 'W008', 'Dang giao hang', 'S102'),  
('P009', 'Nguoi nhan', 'Quang Tri', 'Hai Lang', 'Thi tran Lang Co', 
'723 Duong Truong Son', 'Hoang Van Phong', 'TP. Ho Chi Minh', 'Go Vap', 'Phuong Phu Nhuan', 
'185 Hung Vuong', '0947162930', 'W006', 'Da giao hang', 'S107'),
('P010', 'Nguoi gui', 'Ha Noi', 'Thanh Xuan', 'Khuong Trung',
 'So 123 Khuong Trung', 'Tran Thi Thanh Thao', 'Nghe An', 'Vinh', 'Hung Dung',
 'So 20 Hung Dung', '0912548796', 'W002', 'Dang xu ly', 'S205'),
 #11-20
('P011', 'Nguoi gui', 'TP. Ho Chi Minh', 'Go Vap', 'Phuong Phu Nhuan', 
'185 Hung Vuong', 'Bui Thi Hanh', 'Thai Binh', 'Kien Xuong', 'Minh Quang', 
'789 Duong Minh Quang', '0901064092', 'W011', 'Dang giao hang', 'S207'),
('P012', 'Nguoi nhan', 'Can Tho', 'Cai Rang', 'An Khanh', 
'So 14 An Khanh', 'Hoang Anh Xuan', 'Da Nang', 'Ngu Hanh Son', 'My An',
 'So 94 My An', '0953124789', 'W005', 'Da giao hang', 'S307'),
('P013', 'Nguoi gui', 'Bac Giang', 'Yen The', 'Xa Yen The', 
'99 Duong Dong Lac', 'Pham Van Dung', 'Ha Noi', 'Cau Giay', 'Quan Hoa', 
 '123 Duong Quan Hoa', '0920475186', 'W009', 'Dang xu ly', 'S102'),
('P014', 'Nguoi nhan', 'Thai Nguyen', 'Ninh Binh', 'Ninh Hoa', 
'19 Duong Hoa Lu', 'Pham Thi Hue', 'Vinh Phuc', 'Phuc Yen', 'Xuan Hoa',
 'So 122 Xuan Hoa', '0987396094', 'W006', 'Dang giao hang', 'S202'),
('P015', 'Nguoi gui', 'Ha Noi', 'Ba Dinh', 'Ngoc Ha', 
'035 Duong Hoang Hoa Tham', 'Pham Thi Duong', 'Lang Son', 'Lang Son', 'Hoang Van Thu',
 'So 51 Hoang Van Thu', '0924587123', 'W013', 'Da giao hang', 'S303'),
('P016', 'Nguoi gui', 'Ha Noi', 'Long Bien', 'Phuong Ngoc Lam', 
'24 Ngo Tram', 'Tran Thi Chinh', 'Da Nang', 'Hai Chau', 'Thuan Phuoc',
 'So 011 Thuan Phuoc', '0932478591', 'W002', 'Dang xu ly', 'S106'),
('P017', 'Nguoi nhan', 'Bac Giang', 'Hiep Hoa', 'Thang', 
'505 Duong Thang', 'Vu Thi Thu', 'Quang Ninh', 'Ha Long', 'Bai Chay', 
'313 Duong Ha Long', '0994725645', 'W011', 'Dang giao hang', 'S103'),
('P018', 'Nguoi gui', 'Thai Nguyen', 'Thanh pho Thai Nguyen', 'Phuong Quang Vinh', 
'449 Duong Quang Trung', 'Le Thi Huyen', 'Ha Tinh', 'Hong Linh', 'Trung Luong',
 'So 08 Trung Luong', '0915784236', 'W015', 'Da giao hang', 'S206'),
('P019', 'Nguoi nhan', 'Ha Noi', 'Hai Ba Trung', 'Thanh Nhan', 
'456 Duong Le Dai Hanh', 'Le Van Hai', 'Da Nang', 'Lien Chieu', 'Hoa Khanh',
 '886 Duong Hoang Van Thai', '0942326688', 'W001', 'Dang xu ly', 'S206'),
('P020', 'Nguoi gui', 'Ha Noi', 'Long Bien', 'Phuong Ngoc Lam', 
'24 Ngo Tram', 'Tran Hoang Hien', 'Gia Lai', 'Pleiku', 'Chu Se',
 'So 188 Chu Se', '0925781234', 'W012', 'Dang giao hang', 'S207'),
 #21-30
('P021', 'Nguoi gui', 'Quang Binh', 'Dong Hoi', 'Hai Dinh', 
'117 Duong Hai Dinh', 'Nguyen Thi Lan', 'Bac Giang', 'Hiep Hoa', 'Thang', 
'505 Duong Thang', '0981902291', 'W001', 'Dang giao hang', 'S106'),
('P022', 'Nguoi nhan', 'TP. Ho Chi Minh', 'Go Vap', 'Phuong Phu Nhuan', 
'185 Hung Vuong', 'Pham Van Dung', 'Ha Noi', 'Cau Giay', 'Quan Hoa', 
 '123 Duong Quan Hoa', '0920475186', 'W002', 'Da giao hang', 'S307'),
('P023', 'Nguoi gui',  'Ha Noi', 'Hoan Kiem', 'Phuong Trang Tien', 
'723 Pho Hue', 'Hoang Van Khanh', 'Ha Nam', 'Phu Ly', 'Trieu Duong', 
'26 Duong Trieu Duong', '0987232244',  'W003', 'Dang giao hang', 'S102'),
('P024', 'Nguoi nhan', 'Ninh Binh', 'Ninh Hoa', 'Hoa Lu', 
'19 Duong Hoa Lu', 'Pham Thi Duong', 'Da Nang', 'Son Tra', 'An Hai', 
'456 Duong An Hai', '0945678901', 'W004', 'Dang giao hang', 'S206'),
('P025', 'Nguoi gui', 'Binh Duong', 'Di An', 'Tan Dong Hiep', 
'845 Duong Tan Dong Hiep', 'Nguyen Van Em', 'Can Tho', 'Ninh Kieu', 'An Hoa', 
'123 Duong An Hoa', '0956789012', 'W005', 'Da giao hang', 'S204'),
('P026', 'Nguoi nhan', 'Can Tho', 'Binh Thuy', 'Long Hoa', 
'456 Duong Long Hoa', 'Tran Thi Phuong', 'Ho Chi Minh', 'Binh Thanh', 'Phuong 26',
 '789 Duong Phuong 26', '0967890123', 'W006', 'Dang giao hang', 'S203'),
('P027', 'Nguoi gui', 'Thanh Hoa', 'Hoang Hoa', 'Hoang Duc', 
'89 Duong Hoang Duc', 'Duong Thi Lan', 'Hai Phong', 'Ngo Quyen', 'Le Chan',
 'So 23A Le Chan', '0957681029', 'W007', 'Da giao hang', 'S204'),
('P028', 'Nguoi nhan', 'Quang Ninh', 'Cam Pha', 'Cam Trung', 
'789 Duong Cam Trung', 'Pham Thi Huong', 'Hai Duong', 'Cam Giang', 'Cam Phuc', 
'123 Duong Cam Phuc', '0989012345', 'W008', 'Dang giao hang', 'S202'),
('P029', 'Nguoi gui', 'Da Nang', 'Lien Chieu', 'Hoa Khanh', 
'886 Duong Hoang Van Thai', 'Bui Thi Hanh', 'Thai Binh', 'Kien Xuong', 'Minh Quang', 
'789 Duong Minh Quang', '0901064092', 'W009', 'Da giao hang', 'S306'),
('P030', 'Nguoi nhan', 'Thai Binh', 'Dong Hung', 'Dong Kinh', 
'123 Duong Dong Kinh', 'Vo Thi Mai', 'Thai Nguyen', 'Thanh pho Thai Nguyen', 'Phuong Quang Vinh',
 '449 Duong Quang Trung', '0986432079', 'W010', 'Dang giao hang', 'S203'),
#31-40
('P031', 'Nguoi gui', 'Quang Tri', 'Hai Lang', 'Thi tran Lang Co', 
'723 Duong Truong Son', 'Hoang Van Khanh', 'Hai Phong', 'Hong Bang', 'Thuong Ly', 
'456 Duong Thuong Ly', '0912345679', 'W011', 'Dang giao hang', 'S206'),
('P032', 'Nguoi nhan', 'Hue', 'Phu Vang', 'Phu An', 
'632 Duong Phu An', 'Bui Van Minh', 'Bac Giang', 'Yen The', 'Xa Yen The', 
'45 Duong Dong Lac', '0931867249', 'W012', 'Da giao hang', 'S201'),
('P033', 'Nguoi gui', 'Hai Phong', 'Le Chan', 'An Duong', 
'108 Duong An Duong', 'Le Thi Minh', 'Hue', 'Vinh Ninh', 'Phu Hoi', 
'789 Duong Phu Hoi', '0934567891', 'W013', 'Dang giao hang', 'S206'),
('P034', 'Nguoi nhan', 'Hue', 'An Cuu', 'Thuy Bieu', 
'123 Duong Thuy Bieu', 'Le Thi Dao', 'Ninh Binh', 'Ninh Hoa', 'Hoa Lu', 
'19 Duong Hoa Lu', '0923333218',  'W014', 'Dang giao hang', 'S106'),
('P035', 'Nguoi gui', 'Quang Tri', 'Dong Ha', 'Hai Ba Trung',
 'So 112 Hai Ba Trung', 'Le Thi Dao', 'Ninh Binh', 'Ninh Hoa', 'Hoa Lu', 
'19 Duong Hoa Lu', '0923333218',  'W015', 'Da giao hang', 'S103'),
('P036', 'Nguoi nhan', 'Quang Binh', 'Dong Hoi', 'Hai Dinh', 
'117 Duong Hai Dinh', 'Tran Van Phuc', 'Ho Chi Minh', 'Go Vap', 'Phuong 17', 
'789 Duong Phuong 17', '0967890124', 'W001', 'Dang giao hang', 'S107'),
('P037', 'Nguoi gui', 'Ha Nam', 'Phu Ly', 'Trieu Duong', 
'26 Duong Trieu Duong', 'Le Thi Quyen', 'Quang Ninh', 'Uong Bi', 'Phuong Bac Son', 
'456 Duong Bac Son', '0978901235', 'W017', 'Da giao hang', 'S104'),
('P038', 'Nguoi nhan', 'TP. Ho Chi Minh', 'Quan 1', 'Phuong 9', 
'789 Duong Nguyen Van Nghi', 'Nguyen Van An', 'Ha Noi', 'Hoan Kiem', 'Phuong Trang Tien', 
'723 Pho Hue','0952938416', 'W018', 'Dang giao hang', 'S207'),
('P039', 'Nguoi gui', 'Ha Noi', 'Long Bien', 'Phuong Ngoc Lam', 
'24 Ngo Tram', 'Nguyen Thi Suong', 'Thai Binh', 'Thai Thuy', 'Thuy Ha', 
'789 Duong Thuy Ha', '0990123457', 'W019', 'Da giao hang', 'S303'),
('P040', 'Nguoi nhan', 'TP. Ho Chi Minh', 'Quan 1', 'Phuong 9', 
'789 Duong Nguyen Van Nghi', 'Tran Van The', 'Nam Dinh', 'Y Yen', 'Y Hoa', 
'456 Duong Y Hoa', '0901234568', 'W020', 'Dang giao hang', 'S207'),
#41-50
('P041', 'Nguoi nhan', 'Bac Giang', 'Yen The', 'Xa Yen The', 
'99 Duong Dong Lac', 'Le Thi Hoa', 'Hai Phong', 'Ngo Quyen', 'May To', 
'22 Hoang Van Thu', '0987654321', 'W001', 'Dang xu ly', 'S202'),
('P042', 'Nguoi gui', 'Da Nang', 'Hai Chau', 'Thach Thang', 
'120 Tran Phu', 'Pham Van Chinh', 'Hue', 'Phu Nhuan', 'An Cuu', 
'18 Tran Cao Van', '0912345678', 'W002', 'Dang xu ly', 'S102'),
('P043', 'Nguoi gui', 'Can Tho', 'Ninh Kieu', 'An Hoa', 
'45 Mau Than', 'Bui Van Hung', 'HCM', 'Quan 3', 'Phuong 7', 
'80 Vo Thi Sau', '0917414710', 'W003', 'Dang xu ly', 'S103'),
('P044', 'Nguoi nhan', 'Nha Trang', 'Loc Tho', 'Tan Lap', 
'30 Le Thanh Ton', 'Hoang Van Ai', 'Quy Nhon', 'Tran Phu', 'Hai Cang', 
'12 Nguyen Hue', '0978123456', 'W004', 'Dang xu ly','S202'),
('P045', 'Nguoi gui', 'Ha Noi', 'Hai Ba Trung', 'Thanh Nhan', 
'456 Duong Le Dai Hanh', 'Le Van Hai', 'Da Nang', 'Lien Chieu', 'Hoa Khanh', 
'886 Duong Hoang Van Thai', '0942326688', 'W005', 'Dang xu ly', 'S206'),
('P046', 'Nguoi gui', 'Da Nang', 'Lien Chieu', 'Hoa Khanh', 
'886 Duong Hoang Van Thai', 'Nguyen Phuc Khang', 'Hai Phong', 'Le Chan', 'Nghia Xa', 
'50 To Hieu', '0945678901', 'W006', 'Dang xu ly', 'S307'),
('P047', 'Nguoi gui', 'Bac Giang', 'Yen The', 'Xa Yen The', 
'45 Duong Dong Lac', 'Duong Thi Lan', 'Hai Phong', 'Ngo Quyen', 'Le Chan',
 'So 23A Le Chan', '0957681029', 'W007', 'Dang xu ly', 'S203'),
('P048', 'Nguoi gui', 'Can Tho', 'Cai Rang', 'Ba Lang', 
'150 Cach Mang Thang Tam', 'Le Thi Cuc', 'Hue', 'Phu Hoi', 'Phu Nhuan', 
'So 6 Phu Nhuan', '0948719302', 'W008', 'Dang xu ly', 'S107'),
('P049', 'Nguoi gui', 'Ha Noi', 'Long Bien', 'Phuong Ngoc Lam', 
'24 Ngo Tram', 'Pham Thi Rong', 'Nha Trang', 'Van Ninh', 'Van Gia', 
'25 Le Hong Phong', '0956789012', 'W009', 'Dang xu ly', 'S207'),
('P050', 'Nguoi gui', 'Hai Phong', 'Kien An', 'Bac Son',
 '10 Pham Van Dong', 'Hoang Van Khanh', 'Ha Nam', 'Phu Ly', 'Trieu Duong', 
'26 Duong Trieu Duong', '0987232244',  'W010', 'Dang xu ly', 'S203');

select * from product
order by OrderID asc;
#Cái dưới này để nếu sai thì xóa nhập lại thui
#delete from product
#where OrderID like "P%";

#MakeOrder
insert into  OrderCreate (GiverID, OrderID, ReciverID, OrderDate)
values 
 ('U002', 'P009', 'U010', '2024-05-27' ), ('U002', 'P031', '', '2024-05-30'),
 ('U003', 'P019', 'U019',  '2024-05-28'), ('U003', 'P045',  'U019', '2024-05-28'),
 ('U005', 'P047', 'U013', '2024-05-31'),
 ('U006', 'P023', 'U030', '2024-05-31'),	
 ('U007', 'P044', '', '2024-01-13'), ('U007', 'P018', '', '2024-03-25' ), ('U007', 'P004', 'U019', '2024-02-14'),
 ('U008', 'P048', 'U001', '2023-04-17'),
 ('U009', 'P038', '', '2024-05-27'), ('U009', 'P050', 'U030', '2024-05-29'), ('U009', 'P040', '', '2022-06-01' ),
 ('U010', 'P011', 'U027', '2024-05-09'), ('U010', 'P022', 'U004', '2024-06-01'),
 ('U011', 'P010', '', '2021-09-18'),
 ('U012', 'P012', '', '2024-06-01'),
 ('U014', 'P042', '', '2021-09-30'),
 ('U015', 'P016', '', '2024-06-01'), ('U015', 'P039', '', '2024-05-31'), ('U015', 'P020', '', '2024-05-29'), ('U015', 'P049', '', '2024-02-14' ),
 ('U017', 'P033', '' , '2023-11-13'),
 ('U019', 'P035', 'U029', '2024-05-29'), ('U019', 'P006', 'U005', '2023-11-05' ), ('U019', 'P029', 'U027', '2024-06-01'), ('U019', 'P046', '', '2024-06-01'),
 ('U020', 'P005', 'U034', '2024-05-30'), ('U020', 'P015', '', '2024-06-01' ),
 ('U021', 'P032', 'U005',  '2022-12-22'),
 ('U022', 'P026', '', '2024-05-30'),
 ('U024', 'P030', 'U007', '2024-01-13' ), ('U024', 'P034', 'U029', '2024-05-30'),
 ('U025', 'P041', '', '2024-05-31'), ('U025', 'P013', 'U004', '2021-06-02'), ('U025', 'P001', 'U016',  '2021-03-19'),
 ('U026', 'P028', '', '2022-06-01'), ('U026', 'P027', 'U013', '2024-05-28'),
 ('U028', 'P021', 'U033', '2022-09-09'), ('U028', 'P002', '', '2024-05-28'), ('U028', 'P043', 'U025', '2024-05-28'), ('U028', 'P036', '', '2022-08-31'),
 ('U029', 'P014', 'U018', '2024-05-31'), ('U029', 'P024', '', '2023-07-30'),
 ('U030', 'P037', '', '2021-12-31'), 
 ('U031', 'P003',  '', '2024-05-29'),
 ('U033', 'P007', 'U007',  '2022-03-15'), ('U033', 'P017', 'U022', '2024-05-23'), ('U033', 'P008', '', '2024-05-30'),
 ('U034', 'P025', '', '2023-01-08');
#orderdetails

select * from OrderCreate;

insert into OrderDetails(ItemID, OrderID, ItemName, SurchargeID, Weight, itemprice)
values
('IID001', 'P002', 'Laptop Gamming Lenovo', 'SU007', 2.5, 25000000),
('IID002', 'P002', 'Mouse', 'SU007', 0.1, 100000),
('IID003', 'P003', 'Keyboard', 'SU007', 0.7, 1000000),
('IID004', 'P004', 'Monitor', 'SU007', 5.0, 4000000),
('IID005', 'P005', 'Printer', 'SU007', 8.0, 10000000),
('IID006', 'P006', 'Scanner', 'SU007', 3.2, 5000000),
('IID007', 'P007', 'Tablet', 'SU007', 0.8, 10000000),
('IID008', 'P008', 'Charger', 'SU007', 0.2, 50000),
('IID009', 'P008', 'Iphone 14 promax', 'SU007', 0.4, 25000000),
('IID010', 'P010', 'Earphones', 'SU007', 0.05, 5000000),
('IID011', 'P011', 'But bi', 'SU001', 0.02, 10000),
('IID012', 'P012', 'Vo ghi chep', 'SU001', 0.5, 100000),
('IID013', 'P013', 'Cap sach', 'SU001', 0.7, 400000),
('IID014', 'P014', 'Hop but', 'SU001', 0.1, 200000),
('IID015', 'P015', 'Bang trang', 'SU001', 0.1, 50000),
('IID016', 'P016', 'But long', 'SU001', 0.03, 100000),
('IID017', 'P017', 'But chi mau', 'SU001', 0.2, 60000),
('IID018', 'P018', 'Got but chi', 'SU001', 0.05, 70000),
('IID019', 'P019', 'Keo', 'SU001', 0.15, 100000),
('IID020', 'P020', 'Thuoc ke', 'SU001', 0.1, 50000),
('IID021', 'P021', 'Giay A4', 'SU001', 0.5, 100000),
('IID022', 'P022', 'Giay in mau', 'SU001', 1.0, 90000),
('IID023', 'P023', 'So tay', 'SU001', 0.3, 30000),
('IID024', 'P024', 'Ghim bam', 'SU001', 0.02, 100000),
('IID025', 'P025', 'Bang keo', 'SU001', 0.1, 50000),
('IID026', 'P026', 'Kep giay', 'SU001', 0.02, 70000),
('IID027', 'P027', 'Dao roc giay', 'SU001', 0.05, 200000),
('IID028', 'P028', 'Bia cung', 'SU001', 0.3, 100000),
('IID029', 'P029', 'Bang dinh', 'SU001', 0.08, 50000),
('IID030', 'P030', 'Cuc tay', 'SU001', 0.02,70000),
('IID031', 'P031', 'Giay note', 'SU001', 0.1, 100000),
('IID032', 'P032', 'Giay nhan', 'SU001', 0.05, 10000),
('IID033', 'P033', 'So ghi chep', 'SU001', 0.4, 100000),
('IID034', 'P034', 'But muc', 'SU001', 0.02, 60000),
('IID035', 'P035', 'Giay bia', 'SU001', 0.5, 90000),
('IID036', 'P036', 'Kep buom', 'SU001', 0.03, 50000),
('IID037', 'P037', 'Giay decal', 'SU001', 0.2, 20000),
('IID038', 'P038', 'But nho', 'SU001', 0.03, 5.500),
('IID039', 'P039', 'Giay than', 'SU001', 0.2, 4.500),
('IID040', 'P040', 'Ghim kep', 'SU001', 0.01, 200000),
('IID041', 'P041', 'So ke hoach', 'SU001', 0.3, 50000),
('IID042', 'P042', 'But gel', 'SU001', 0.02, 50000),
('IID043', 'P043', 'Thit bo', 'SU006', 1.5, 90000),
('IID044', 'P044', 'Ca hoi', 'SU006', 1.2, 70000),
('IID045', 'P045', 'Ga nguyen con', 'SU006', 2.0, 100000),
('IID046', 'P046', 'Tom su', 'SU006', 1.0, 0),
('IID047', 'P047', 'Hai san dong lanh', 'SU006', 2.5, 0),
('IID048', 'P048', 'Nuoc rua chen', 'SU005', 1.0, 0),
('IID049', 'P049', 'Dau goi dau', 'SU005', 0.5, 0),
('IID050', 'P050', 'Sua tam', 'SU005', 0.6, 0),
('IID051', 'P003', 'Nuoc xa vai', 'SU005', 0.8, 0),
('IID052', 'P002', 'Nuoc lau san', 'SU005', 1.2, 90000),
('IID053', 'P003', 'Binh Hoa', 'SU003', 0.8, 70000),
('IID054', 'P004', 'Chen Su', 'SU003', 0.3, 0),
('IID055', 'P005', 'Ly Thuy Tinh', 'SU003', 0.4, 0),
('IID056', 'P001', 'Tu Quan Ao', 'SU004', 50.0, 3000000),
('IID057', 'P001', 'Giuong Ngu', 'SU004', 70.0, 5000000),
('IID058', 'P001', 'Ban Lam Viec', 'SU004', 25.0, 100000),
('IID059', 'P009', 'Dong ho Rolex', 'SU002', 0.1, 100000000),
('IID060', 'P009', 'Lac tay bac', 'SU002', 2.5, 50000000),
('IID061', 'P009', 'Vang nguyen khoi', 'SU002', 1.0, 70000000);











