INSERT INTO Shipper (EmployeeID, LastName, MiddleName, FirstName, Gender, Birthday, Phone, HomeTown)
VALUES
  ('SP001', 'Nguyen', 'Van', 'Anh', 'Male', '1990-07-15', '0987123456', 'Ha Noi'),
  ('SP002', 'Tran', 'Thi', 'Binh', 'Female', '1995-03-02', '0912345678', 'Ho Chi Minh'),
  ('SP003', 'Le', 'Hong', 'Cuong', 'Male', '1988-11-10', '0905678901', 'Da Nang'),
  ('SP004', 'Pham', 'Thi', 'Dung', 'Female', '1992-09-25', '0978234567', 'Ho Chi Minh'),
  ('SP005', 'Hoang', 'Minh', 'Duc', 'Male', '1993-05-08', '0943567890', 'Ha Noi'),
  ('SP006', 'Tran', 'Van', 'Hai', 'Male', '1991-12-12', '0966789012', 'Ho Chi Minh'),
  ('SP007', 'Hoang', 'Thu', 'Ha', 'Female', '1994-09-03', '0934012345', 'Can Tho'),
  ('SP008', 'Le', 'Thi', 'Kim Anh', 'Female', '1996-06-18', '0956345678', 'Ho Chi Minh'),
  ('SP009', 'Chu', 'Thi', 'Mai', 'Female', '1990-04-29', '0923678901', 'Can Tho'),
  ('SP010', 'Le', 'Van', 'Quang', 'Male', '1986-11-07', '0999901234', 'Ho Chi Minh'),
  ('SP011', 'Tran', 'Quoc', 'Anh', 'Male', '1989-12-11', '0907234567', 'Ha Noi'),
  ('SP012', 'Pham', 'Minh', 'Nhat', 'Male', '1994-05-01', '0945567890', 'Ho Chi Minh'),
  ('SP013', 'Lai', 'Thien', 'Loc', 'Male', '1997-09-14', '0988789012', 'Can Tho'),
  ('SP014', 'Nguyen', 'Trung', 'Dung', 'Male', '1998-03-05', '0919012345', 'Ho Chi Minh'),
  ('SP015', 'Dinh', 'Van', 'Hung', 'Male', '1996-11-19', '0967345678', 'Can Tho'), 
  ('SP016', 'Le', 'Quoc', 'Huy', 'Male', '1993-08-27', '0935678901', 'Ho Chi Minh'),
  ('SP017', 'Tran', 'Dinh', 'Nhat Minh', 'Male', '1999-06-14', '0972901234', 'Ho Chi Minh'),
  ('SP018', 'Vu', 'Thi', 'Quynh', 'Female', '1987-02-03', '0909234567', 'Ho Chi Minh'),
  ('SP019', 'Le', 'Minh', 'Khue', 'Female', '1984-06-06', '0946567890', 'Can Tho'),
  ('SP020', 'Vu', 'Manh', 'Quan', 'Male', '1992-12-17', '0969789012', 'Ha Nam');


INSERT INTO Warehouse (WarehouseID, WareName, Address, Ward, District, City)
VALUES
('W001', 'Kho Dien Bien', '35, Duong Hoang Dieu', 'Phuong Muong Thanh', 'TP Dien Bien Phu', 'Dien Bien'),
('W002', 'Kho Hoa Binh', '7, Duong Nguyen Trai', 'Phuong Thai Binh', 'TP Hoa Binh', 'Hoa Binh'),
('W003', 'Kho Lai Chau', '18, Duong Dien Bien Phu', 'Xa Phong Tho', 'TP Tam Duong', 'Lai Chau'),
('W004', 'Kho Lao Cai', '32, Duong Tran Hung Dao', 'Phuong Duyen Hai', 'TP Lao Cai', 'Lao Cai'),
('W005', 'Kho Son La', '69, Duong Truong Chinh', 'Phuong Chieng Le', 'TP Son La', 'Son La'),
('W006', 'Kho Yen Bai', '14, Duong Tran Phu', 'Phuong Nguyen Thai Hoc', 'TP Yen Bai', 'Yen Bai'),
('W007', 'Kho Bac Giang', '23, Duong Tran Phu', 'Phuong Ngo Quyen', 'TP Bac Giang', 'Bac Giang'),
('W008', 'Kho Bac Kan', '55, Duong Hung Vuong', 'Phuong Nguyen Trai', 'TP Bac Kan', 'Bac Kan'),
('W009', 'Kho Cao Bang', '61, Duong Tran Hung Dao', 'Phuong Song Bang', 'TP Cao Bang', 'Cao Bang'),
('W010', 'Kho Ha Giang', '12, Duong Tran Phu', 'Phuong Minh Khai', 'TP Ha Giang', 'Ha Giang'),
('W011', 'Kho Lang Son', '56, Duong Dong Da', 'Phuong Chi Lang', 'TP Lang Son', 'Lang Son'),
('W012', 'Kho Phu Tho', '77, Duong Tran Hung Dao', 'Phuong Minh Nong', 'TP Viet Tri', 'Phu Tho'),
('W013', 'Kho Quang Ninh', '4, Duong Lac Long Quan', 'Phuong Hong Hai', 'TP Cam Pha', 'Quang Ninh'),
('W014', 'Kho Thai Nguyen', '98, Duong Nguyen Van Cu', 'Phuong Quang Trung', 'TP Thai Nguyen', 'Thai Nguyen'),
('W015', 'Kho Tuyen Quang', '36, Duong Tran Phu', 'Phuong Minh Xuan', 'TP Tuyen Quang', 'Tuyen Quang'),
('W016', 'Kho Bac Ninh', '46, Duong Tran Phu', 'Phuong Kinh Bac', 'TP Bac Ninh', 'Bac Ninh'),
('W017', 'Kho Ha Nam', '21, Duong Tran Phu', 'Phuong Quang Trung', 'TP Phu Ly', 'Ha Nam'),
('W018', 'Kho Ha Noi', '87, Duong Tran Hung Dao', 'Phuong Trang Tien', 'Quan Hoan Kiem', 'Ha Noi'),
('W019', 'Kho Ha Noi', '65, Duong Nguyen Trai', 'Phuong Thanh Xuan', 'Quan Thanh Xuan', 'Ha Noi'),
('W020', 'Kho Hai Duong', '52, Duong Tran Phu', 'Phuong Lam Son', 'TP Hai Duong', 'Hai Duong'),
('W021', 'Kho Hai Phong', '58, Duong Ngo Quyen', 'Phuong Niem Nghia', 'TP Hai Phong', 'Hai Phong'),
('W022', 'Kho Hung Yen', '25, Duong Le Loi', 'Phuong Hong Chau', 'TP Hung Yen', 'Hung Yen'),
('W023', 'Kho Nam Dinh', '85, Duong Nguyen Van Cu', 'Phuong Tran Quang Dieu', 'TP Nam Dinh', 'Nam Dinh'),
('W024', 'Kho Ninh Binh', '61, Duong Le Loi', 'Phuong Nam Binh', 'TP Ninh Binh', 'Ninh Binh'),
('W025', 'Kho Thai Binh', '9, Duong Tran Phu', 'Phuong Quang Trung', 'TP Thai Binh', 'Thai Binh'),
('W026', 'Kho Vinh Phuc', '46, Duong Le Loi', 'Phuong Ngo Quyen', 'TP Vinh Yen', 'Vinh Phuc'),
('W027', 'Kho Ha Tinh', '17, Duong Tran Phu', 'Phuong Thach Trung', 'TP Ha Tinh', 'Ha Tinh'),
('W028', 'Kho Nghe An', '9, Duong Hung Vuong', 'Phuong Hung Dung', 'TP Vinh', 'Nghe An'),
('W029', 'Kho Quang Binh', '15, Duong Tran Hung Dao', 'Phuong Dong Phu', 'TP Dong Hoi', 'Quang Binh'),
('W030', 'Kho Quang Tri', '476, Duong Tran Phu', 'Phuong 1', 'TP Dong Ha', 'Quang Tri'),
('W031', 'Kho Thanh Hoa', '64, Duong Le Loi', 'Phuong Dien Bien', 'TP Thanh Hoa', 'Thanh Hoa'),
('W032', 'Kho Thua Thien Hue', '71, Duong Hung Vuong', 'Phuong Phu Hoi', 'TP Hue', 'Thua Thien Hue'),
('W033', 'Kho Dak Lak', '135, Duong Tran Phu', 'Phuong Tan An', 'TP Buon Ma Thuot', 'Dak Lak'),
('W034', 'Kho Dak Nong', '7, Duong Hung Vuong', 'Phuong Nghia Trung', 'TP Gia Nghia', 'Dak Nong'),
('W035', 'Kho Gia Lai', '62, Duong Tran Hung Dao', 'Phuong Nguyen Trai', 'TP Pleiku', 'Gia Lai'),
('W036', 'Kho Kon Tum', '96, Duong Tran Phu', 'Phuong Duy Tan', 'TP Kon Tum', 'Kon Tum'),
('W037', 'Kho Lam Dong', '84, Duong Le Loi', 'Phuong 1', 'TP Da Lat', 'Lam Dong'),
('W038', 'Kho Ba Ria Vung Tau', '123, Duong Tran Phu', 'Phuong Long Binh', 'TP Vung Tau', 'Ba Ria Vung Tau'),
('W039', 'Kho Binh Duong', '789, Duong Hung Vuong', 'Phuong Phu Cuong', 'TP Thu Dau Mot', 'Binh Duong'),
('W040', 'Kho Binh Phuoc', '71, Duong Tran Hung Dao', 'Phuong Tan Binh', 'TP Dong Xoai', 'Binh Phuoc'),
('W041', 'Kho Dong Nai', '56, Duong Tran Phu', 'Phuong Tan Mai', 'TP Bien Hoa', 'Dong Nai'),
('W042', 'Kho Ho Chi Minh', '98, Duong Le Loi', 'Quan 1', 'TP Ho Chi Minh', 'Ho Chi Minh'),
('W043', 'Kho Tay Ninh', '64, Duong Hung Vuong', 'Phuong Ninh Son', 'TP Tay Ninh', 'Tay Ninh'),
('W044', 'Kho An Giang', '81, Duong Tran Phu', 'Phuong My Thoi', 'TP Long Xuyen', 'An Giang'),
('W045', 'Kho Bac Lieu', '45, Duong Hung Vuong', 'Phuong 1', 'TP Bac Lieu', 'Bac Lieu'),
('W046', 'Kho Ben Tre', '39, Duong Tran Hung Dao', 'Phuong 2', 'TP Ben Tre', 'Ben Tre'),
('W047', 'Kho Ca Mau', '16, Duong Tran Phu', 'Phuong 7', 'TP Ca Mau', 'Ca Mau'),
('W048', 'Kho Can Tho', '84, Duong Le Loi', 'Quan Ninh Kieu', 'TP Can Tho', 'Can Tho'),
('W049', 'Kho Dong Thap', '16, Duong Hung Vuong', 'Phuong 4', 'TP Cao Lanh', 'Dong Thap'),
('W050', 'Kho Hau Giang', '58, Duong Nguyen Hue', 'Phuong My Thanh', 'TP Vi Thanh', 'Hau Giang'),
('W051', 'Kho Kien Giang', '22, Duong Ly Thuong Kiet', 'Phuong An Hoa', 'TP Rach Gia', 'Kien Giang'),
('W052', 'Kho Long An', '74, Duong Truong Dinh', 'Phuong 5', 'TP Tan An', 'Long An'),
('W053', 'Kho Soc Trang', '93, Duong Nguyen Trung Truc', 'Phuong 1', 'TP Soc Trang', 'Soc Trang'),
('W054', 'Kho Tien Giang', '82, Duong Tran Hung Dao', 'Phuong 3', 'TP My Tho', 'Tien Giang'),
('W055', 'Kho Tra Vinh', '51, Duong Le Loi', 'Phuong 2', 'TP Tra Vinh', 'Tra Vinh'),
('W056', 'Kho Vinh Long', '27, Duong Hung Vuong', 'Phuong 4', 'TP Vinh Long', 'Vinh Long'),
('W057', 'Kho Binh Dinh', '12, Duong Nguyen Hue', 'Phuong Tran Phu', 'TP Quy Nhon', 'Binh Dinh'),
('W058', 'Kho Khanh Hoa', '8, Duong Tran Phu', 'Phuong Loc Tho', 'TP Nha Trang', 'Khanh Hoa'),
('W059', 'Kho Ninh Thuan', '36, Duong 16/4', 'Phuong Phu Ha', 'TP Phan Rang-Thap Cham', 'Ninh Thuan'),
('W060', 'Kho Phu Yen', '57, Duong Tran Hung Dao', 'Phuong 7', 'TP Tuy Hoa', 'Phu Yen'),
('W061', 'Kho Binh Thuan', '123, Duong Le Loi', 'Phuong Phan Thiet', 'TP Phan Thiet', 'Binh Thuan'),
('W062', 'Kho Da Nang', '456, Duong Nguyen Van Linh', 'Phuong Hai Chau', 'Quan Hai Chau', 'Da Nang'),
('W063', 'Kho Quang Nam', '789, Duong Tran Hung Dao', 'Phuong An My', 'TP Tam Ky', 'Quang Nam'),
('W064', 'Kho Quang Ngai', '1011, Duong Ly Thuong Kiet', 'Phuong Tran Hung Dao', 'TP Quang Ngai', 'Quang Ngai');

INSERT INTO Service (ServiceID, ServiceName, MaxDistance, Price)
VALUES
    ('S101', 'Economy', '50', 10000),
    ('S102', 'Economy', '100', 18000),
    ('S103', 'Economy', '200', 22000),
    ('S104', 'Economy', '300', 28000),
    ('S105', 'Economy', '500', 34000),
    ('S106', 'Economy', '800', 40000),
    ('S107', 'Economy', '>800', 47000),
    ('S201', 'Fast', '50', 15000),
    ('S202', 'Fast', '100', 23000),
    ('S203', 'Fast', '200', 29000),
    ('S204', 'Fast', '300', 35000),
    ('S205', 'Fast', '500', 41000),
    ('S206', 'Fast', '800', 47000),
    ('S207', 'Fast', '>800', 54000),
    ('S301', 'Express', '50', 35000),
    ('S302', 'Express', '100', 49000),
    ('S303', 'Express', '200', 63000),
    ('S304', 'Express', '300', 77000),
    ('S305', 'Express', '500' , 91000),
    ('S306', 'Express', '800' , 105000),
    ('S307', 'Express', '>800' , 119000);
    
insert into ImportExport(WarehouseID, OrderID, InboundDate, OutboundDate)
values
	('W007', 'P001', '2021-03-19', '2021-03-19'),
	('W028', 'P001', '2021-03-19', '2021-03-19'),
	('W062', 'P001', '2021-03-19', '2021-03-19'),
	
	('W029', 'P002', '2024-05-28', '2024-05-29'),
	('W032', 'P002', '2024-05-29', '2024-05-31'),
	('W064', 'P002', '2024-05-31', NULL),
	
	('W048', 'P003', '2024-05-29', '2024-05-29'),
	('W046', 'P003', '2024-05-29', '2024-05-31'),
	('W042', 'P003', '2024-05-31', '2024-06-01'),
	
	('W014', 'P004', '2024-02-14', '2024-02-14'),
	('W018', 'P004', '2024-02-14', '2024-02-14'),
	('W013', 'P004', '2024-02-14', '2024-02-14'),
	('W024','P015','2024-06-01', NULL),
	--
('W018', 'P016', '2023-02-14', '2023-02-15'),
('W017', 'P016', '2023-02-15', '2023-02-16'),
('W024', 'P016', '2023-02-16', '2023-02-17'),
('W031', 'P016', '2023-02-17', '2023-02-18'),
('W028', 'P016', '2023-02-18', '2023-02-19'),
('W027', 'P016', '2023-02-19', '2023-02-20'),
('W029', 'P016', '2023-02-20', '2023-02-21'),
('W030', 'P016', '2023-02-21', '2023-02-22'),
('W032', 'P016', '2023-02-22', '2023-02-23'),
('W062', 'P016', '2023-02-23', '2023-02-24'),
('W007','P017', '2024-05-23', '2024-05-24'),
('W020','P017', '2024-05-24', '2024-05-25'),
('W013','P017', '2024-05-25', '2024-05-26'),
('W018','P019', '2024-05-28', '2024-05-29'),
('W017','P019', '2024-05-29', '2024-05-29'),
('W024','P019', '2024-05-30', '2024-05-30'),
('W031','P019', '2024-05-30', '2024-05-31'),
('W028','P019', '2024-05-31', '2024-05-31'),
('W062','P019', '2024-06-01', '2024-06-01'),
('W018','P020', '2024-05-29', '2024-05-30'),
('W031','P020', '2024-05-30', '2024-06-01'),
('W035','P020', '2024-06-01', NULL),
('W029','P021', '2022-09-09', '2022-09-09'),
('W013','P021', '2022-09-10', '2022-09-11'),
('W007','P021', '2022-09-11', '2022-09-12'),
('W042','P022', '2024-06-01', NULL),
('W024','P024', '2023-07-30', '2023-07-30'),
('W017','P024', '2023-07-31', '2023-08-01'),
('W062','P024', '2023-08-01', '2023-08-02'),
('W048','P026', '2024-05-30', '2024-05-31'),
('W024','P026', '2024-05-31', '2024-05-31'),
('W024','P026', '2024-06-01', '2024-06-01'),
	--
	('W030', 'P006', '2023-11-05', '2023-11-06'),
	('W032', 'P006', '2023-11-06', '2023-11-06'),
	('W062', 'P006', '2023-11-07', '2023-11-08'),
	('W007', 'P008', '2024-05-26', '2024-05-28'),
	('W027', 'P008', '2024-05-28', '2024-05-28'),
	('W032', 'P008', '2024-05-28', '2024-05-29'),
	('W057', 'P008', '2024-05-29', '2024-05-31'),
	('W042', 'P008', '2024-05-31', '2024-06-01'),
	('W048', 'P008', '2024-06-01', '2024-06-01'),
	('W030', 'P009', '2024-05-27', '2024-05-28'),
	('W062', 'P009', '2024-05-29', '2024-05-31'),
	('W058', 'P009', '2024-05-31', NULL),
	('W018', 'P010', '2021-09-18', '2021-09-19'),
	('W023', 'P010', '2021-09-19', '2021-09-20'),
	('W031', 'P010', '2021-09-21', '2021-09-21'),
	('W028', 'P010', '2021-09-21', '2021-09-23'),
	('W042', 'P011', '2024-05-09', '2024-05-10'),
	('W057', 'P011', '2024-05-10', '2024-05-11'),
	('W029', 'P011', '2024-05-11', '2024-05-13'),
	('W025', 'P011', '2024-05-14', '2024-05-14'),
	('W048', 'P012', '2024-06-01', '2024-06-01'),
	('W058', 'P012', '2024-06-01', '2024-06-01'),
	('W062', 'P012', '2024-06-01', '2024-06-01'),
	('W007', 'P013', '2021-06-02', '2021-06-03'),
	('W019', 'P013', '2021-06-03', '2021-06-04');

--
('W031','P027', '2024-05-28', '2024-05-29'),
('W024','P027', '2024-05-29', '2024-05-29'),
('W023','P027', '2024-05-30', '2024-05-31'),
('W025','P027', '2024-05-31',  NULL),
('W013','P028', '2022-06-01', '2022-06-01'),
('W021','P028', '2022-06-01', '2022-06-02'),
('W020','P028', '2022-06-02',  '2022-06-02'),
('W062','P029', '2024-06-01', '2024-06-01'), 
('W032','P029', '2024-06-01', '2024-06-01'), 
('W030','P029', '2024-06-01', '2024-06-01'), 
('W029','P029', '2024-06-01', '2024-06-01'), 
('W027','P029', '2024-06-01', '2024-06-01'), 
('W028','P029', '2024-06-01', '2024-06-01'), 
('W031','P029', '2024-06-01', '2024-06-01'), 
('W024','P029', '2024-06-01', '2024-06-01'), 
('W023','P029', '2024-06-01', '2024-06-01'), 
('W025','P029', '2024-06-01', NULL), 
('W025','P030', '2024-01-13', '2024-01-14'),
('W020','P030', '2024-01-14', '2024-01-14'),
('W007','P030', '2024-01-14',  '2024-01-15'),
('W032','P032', '2022-12-22', '2022-12-22'),
('W030','P032', '2022-12-22', '2022-12-22'),
('W029','P032', '2022-12-22', '2022-12-23'),
('W027','P032', '2022-12-23', '2022-12-23'),
('W028','P032', '2022-12-24', '2022-12-24'),
('W031','P032', '2022-12-24', '2022-12-25'),
('W002','P032', '2022-12-25', '2022-12-25'),
('W018','P032', '2022-12-25', '2022-12-26'),
('W007','P032', '2022-12-26', '2022-12-26'),
('W032','P034', '2024-05-30', '2024-05-30'),
('W030','P034', '2024-05-30', '2024-05-30'),
('W029','P034', '2024-05-31', '2024-05-31'), 
('W028','P034', '2024-05-31', '2024-05-31'), 
('W031','P034', '2024-05-31', '2024-06-01'), 
('W024','P034', '2024-06-01',  '2024-06-01'), 
('W030','P035', '2024-05-29', '2024-05-30'),
('W029','P035', '2024-05-30', '2024-05-30'),
('W028','P035', '2024-05-31',  NULL),
('W029', 'P036', '2022-08-31', '2022-08-31'),
('W030', 'P036', '2022-08-31', '2022-09-01'),
('W032', 'P036', '2022-09-01', '2022-09-01'),
('W063', 'P036', '2022-09-01', '2022-09-01'),
('W064', 'P036', '2022-09-02', '2022-09-02'),
('W057', 'P036', '2022-09-02', '2022-09-03'),
('W060', 'P036', '2022-09-03', '2022-09-03'),
('W033', 'P036', '2022-09-03', '2022-09-03'),
('W037', 'P036', '2022-09-03', '2022-09-03'),
('W041', 'P036', '2022-09-03', '2022-09-04'),
('W039', 'P036', '2022-09-04', '2022-09-04'),
('W042', 'P036', '2022-09-05',  '2022-09-05' ),
('W017','P037', '2021-12-31', '2021-12-31'),
('W022','P037', '2021-12-31', '2022-01-01'),
('W020','P037', '2022-01-01', '2022-01-01'),
('W013','P037', '2022-01-02',  '2022-01-02'), 
('W042', 'P038', '2024-05-27', '2024-05-27'),
('W041', 'P038', '2024-05-27', '2024-05-28'),
('W037', 'P038', '2024-05-28', '2024-05-28'),
('W033', 'P038', '2024-05-28', '2024-05-29'),
('W035', 'P038', '2024-05-29', '2024-05-29'),
('W036', 'P038', '2024-05-29', '2024-05-29'),
('W063', 'P038', '2024-05-29', '2024-05-30'),
('W032', 'P038', '2024-05-30', '2024-05-30'),
('W030', 'P038', '2024-05-30', '2024-05-31'),
('W029', 'P038', '2024-05-31',  NULL),
--
('W018','P039', '2024-05-31', '2024-05-31'),
('W017','P039', '2022-05-31', '2024-05-31'),
('W025','P039', '2024-05-31', '2024-05-31'),
('W017','P039', '2022-06-01', '2024-06-01'),
('W018','P039', '2024-06-01', '2024-06-01'),
--cái hoàn nì là hoàn về trog 1/6?
('W042','P040', '2022-06-01, '2022-06-01'),
('W061','P040', '2022-06-02, '2022-06-02'),
('W058','P040', '2022-06-03', '2022-06-03'),
('W064','P040', '2022-06-04, '2022-06-04'),
('W062','P040', '2022-06-04', '2024-06-04'),
('W030','P040', '2022-06-05, '2022-06-05'),
('W028','P040', '2022-06-06', '2022-06-07'),
('W031','P040', '2022-06-07', '2022-06-07'),
('W023','P040', '2022-06-07', '2022-06-07'),
('W007','P041', '2024-05-31', '2024-05-31'),
('W020','P041', '2024-05-31', '2024-06-01'),
('W021','P041', '2024-06-01', '2024-06-01'),
('W048','P043', '2024-05-28', '2024-05-29'),
('W054','P043', '2024-05-29', '2024-05-29'),
('W042','P043', '2024-05-30', NULL),
('W058','P044', '2024-05-28', '2024-05-29'),
('W060','P044', '2024-05-29', '2024-05-29'),
('W057','P044', '2024-05-31', '2024-05-31'),
('W018','P045', '2024-05-28', '2024-05-28'),
('W024','P045', '2024-05-29', '2024-05-29'),
('W027','P045', '2024-05-30', '2024-05-30'),
('W029','P045', '2024-05-31', '2024-05-31'),
('W032','P045', '2024-06-01', '2024-06-01'),
('W062','P045', '2024-06-01', '2024-06-01'),
('W062','P046', '2024-06-01', '2024-06-01'),
('W030','P046', '2024-06-01', '2024-06-01'),
('W028','P046', '2024-06-01', '2024-06-01'),
('W023','P046', '2024-06-01', NULL),
('W048','P048', '2023-04-07', '2023-04-07'),
('W042','P048', '2023-04-08', '2023-04-08'),
('W041','P048', '2023-04-08', '2023-04-08'),
('W061','P048', '2023-04-09', '2023-04-09'),
('W054','P048', '2023-04-09', '2023-04-09'),
('W058','P048', '2023-04-10', '2023-04-10'),
('W063','P048', '2023-04-11', '2023-04-11'),
('W032','P048', '2023-04-11', '2023-04-11'),
('W018','P049', '2024-02-14', '2024-02-14'),
('W023','P049', '2024-02-14', '2024-02-15'),
('W024','P049', '2024-02-16', '2024-02-16'),
('W027','P049', '2024-02-17', '2024-02-17'),
('W029','P049', '2024-02-17', '2024-02-17'),
('W064','P049', '2024-02-18', '2024-02-18'),
('W057','P049', '2024-02-19', '2024-02-20'),
('W058','P049', '2024-02-20', '2024-02-20'),
('W021','P050', '2024-05-29', '2024-05-29'),
('W022','P050', '2024-05-29', '2024-05-29'),
('W020','P050', '2024-05-30', NULL),


